{"attack":30,"defense":25,"hasDatura":false,"hp":103,"is_in_combat":false,"max_hp":103,"position":[106.481056213379,52.8814430236816],"toxicity":20.16}
